{
    "fold": 1,
    "mean": [
        -0.03797273710370064,
        0.002917471108958125,
        0.5316584706306458
    ],
    "std": [
        0.035669196397066116,
        0.08045496791601181,
        0.47180241346359253
    ]
}