{
    "fold": 5,
    "mean": [
        -0.03942817449569702,
        0.002614774974063039,
        0.5299742221832275
    ],
    "std": [
        0.03811148554086685,
        0.0930384173989296,
        0.47594207525253296
    ]
}