{
    "fold": 2,
    "mean": [
        -0.038719542324543,
        0.002688199980184436,
        0.5318217873573303
    ],
    "std": [
        0.0362868532538414,
        0.08506842702627182,
        0.4720017611980438
    ]
}