{
    "fold": 6,
    "mean": [
        -0.03945149481296539,
        0.0027989037334918976,
        0.5305523872375488
    ],
    "std": [
        0.03783503919839859,
        0.08956506848335266,
        0.47666263580322266
    ]
}