{
    "fold": 4,
    "mean": [
        -0.040154024958610535,
        0.0025876411236822605,
        0.5303201079368591
    ],
    "std": [
        0.038602061569690704,
        0.09264594316482544,
        0.4776492714881897
    ]
}