{
    "fold": 3,
    "mean": [
        -0.040811117738485336,
        0.0025661566760390997,
        0.5310826301574707
    ],
    "std": [
        0.038752682507038116,
        0.09271233528852463,
        0.478390634059906
    ]
}